Reaction	Flux
R_PROT_pe_CbhA_S	0
R_GLUPRT	0.10519090945988713
R_EX_bromosucc_e_	0
R_EX_g3ps_e_	0
R_EX_protein_RSc0249_e_	0
R_UAG2E	0
R_TARTRDH	0
R_BHBt2pp	0
R_T3SS_E_RipR_S	0
R_EX_T3SS_E_RipF1_e_	0
R_HYXNtex	0
R_FUMAC	0
R_METTRS	0.02545702409491937
R_MI3PP	0
R_XYLUabcpp	0
R_ADOCBIK	0
R_PROT_Tek_BioS	2.7e-4
R_T3SS_E_RipG4_S	0
R_GLUCYS	6.24384741970657e-5
R_OCDCEAtex	0
R_PE141abcpp	0
R_PROT_RSp0540_BioS	0
R_UAG2EMA	0
R_TARTRDH2	0
R_MLTGY2pp	0
R_T3SS_E_RipAL_S	0
R_PSD160	0.005014677456813662
R_3HAD60	0.05459270958878956
R_EX_sel_e_	0
R_DM_incbase	0
R_QULNS	6.378244135425339e-4
R_BHEXAMD	0
R_G3PEtex	0
R_MCITL2	0
R_PSD161	0.002984727062514441
R_T3SS_E_RipP2_S	0
R_MDDEP4pp	0
R_ADOCBLabcpp	0
R_PROT_pe_Expansin_S	0
R_T3SS_E_RipW_BioS	0
R_PGP120abcpp	0
R_EDTXS5	0.0029903269256711293
R_4HPHEAt3r	0
R_PROT_pe_RSc0337_S	0
R_EX_inost_e_	0
R_EX_protein_RSp0294_e_	0
R_ACCtpp	0
R_2MAHMP	0
R_PROT_RSp1180_BioS	0
R_PC8XM	6.24384741970657e-5
R_PROT_ce_RSc0102_S	0
R_GLTN2c	0
R_Naldxteff	0
R_PROT_pe_RSp1539_S	0
R_Canatpc	0
R_VNDH	0
R_2AGPE120tipp	0
R_NO3t7pp	0
R_PPBNGS	7.492616903647886e-4
R_AGM3PApp	0
R_ACALD	0
R_AACOAR	0
R_DAAD	0
R_DRBK	0
R_METTRSS	0
R_NACt1pp	0
R_3HAD80	0.05459270958878956
R_ADPT	0.002727897004181094
R_PGPP120pp	0
R_GLYCLTt2rpp	0
R_EX_melanin_e_	0
R_T3SS_E_RipAP_BioS	0
R_GLNTRS	0.08264214543100745
R_EX_PCW_RSp1539_e_	0
R_UAG4E	0.061999999999999986
R_CGLYabcpp	0
R_MGSA	0
R_PSD140	0
R_IPPS	0.09384610916752963
R_PSD141	0
R_EX_pc180_e_	0
R_ALAASPtex	0
R_NAPRTr	6.243847419706569e-5
R_23CCMPtex	0
R_KARA1	-0.2109608967308044
R_EX_T6SS_E_RSp0103_e_	0
R_ASPTA	-0.7417940444941499
R_CLt3_2pp	7.286821932639619e-4
R_OXCOAHDH	0
R_IPDPS	0
R_EX_doxrbcn_e_	0
R_PROT_pe_PglA_S	0
R_CPH4S	0
R_FGLU	0
R_GLYTRS	0.18173948874794116
R_PCW_bd_Expansin	0
R_T3SS_E_RipS3_S	0
R_FRUtex	0
R_BTS5	5.599863156687506e-7
R_T3SS_E_RipA2_BioS	0
R_HMSD	0
R_OIVD2	0
R_cafetex	0
R_AGt3pp	0
R_AM6SAD	0
R_EX_protein_Tek2_e_	0
R_T3SS_E_RipG1_BioS	0
R_EX_adocbl_e_	0
R_GALtex	0
R_CSND	0
R_T3SS_E_RipF1_S	0
R_twitching	0
R_ADOCBLS	6.24384741970657e-5
R_THDPS	0.05194326262680823
R_3HOXIDtpp	0
R_KARA2	0.05237889156916883
R_EX_hom_L_e_	0
R_ARBTNLtex	0
R_PSD120	0
R_TRPTRS	0.0011871709892177513
R_INSTtex	0
R_ALTRH	0
R_T3SS_E_RipAW_BioS	0
R_SERTRS	0.07914487501812559
R_PROT_pe_RSc3188_S	0
R_PROTRS	0.15318318863656163
R_3HAD40	0.05459270958878954
R_ADSK	0.04592674367225989
R_DADA	0
R_GLNGLYtex	0
R_EX_cm_e_	0
R_DNAd_no2r	0
R_ADSS	0.06974478884922397
R_EX_T3SS_E_RipAZ1_e_	0
R_EX_indpyr_e_	0
R_DADK	0
R_EX_cys_L_e_	0
R_UPPRTr	0
R_IND3ACLNtex	0
R_T3SS_E_RipAY_S	0
R_EX_protein_Pme_e_	0
R_DDCAtex	0
R_BUTSO3tex	0
R_EX_gthox_e_	0
R_RPI	-0.19763822765352282
R_DSBDR	0
R_VALabcpp	0
R_T3SS_E_RipH3_S	0
R_RPE	-0.20100318542437634
R_ANS	0.0011871709892177513
R_DHAtex	0
R_T3SS_E_RipP2_BioS	0
R_EX_acglu_L_e_	0
R_CD2teff_e	0
R_GNNUC	0
R_IPMDr	0.09384610916752961
R_PROT_cp_RSp1444_S	0
R_SUCCCOAMALTR	0
R_CD2abcpp	0
R_FBP	0.4832541734531513
R_ORNtex	0
R_MCCC	0
R_PIuabcpp	0
R_FECRMUtpp	0
R_EX_T3SS_E_RipW_e_	0
R_PROT_pe_RSp0630_S	0
R_T3SS_E_RipI_BioS	0
R_2AGPE181tipp	0
R_EX_cellb_e_	0
R_O2tex	22.82781180796809
R_GLUTRS	0.08009066881173704
R_GLUTRR	0.001498523380729577
R_EXOPP	0
R_EX_T3SS_E_RipL_e_	0
R_GALCTND	0
R_MDDCP4pp	0
R_Kt3pp	0
R_AGM3PA	0
R_CMtpp	0
R_EX_ocdcea_e_	0
R_SRHCC	0
R_ORN5MOO	0
R_PMEACPE	5.599863156687507e-7
R_ADK1	-5.060206496662681
R_GRTT	1.402765720750264e-4
R_ADK2	0
R_AGM3PH	0
R_EXOPGALUR_2u	0
R_GLYOX	0
R_FBA	-0.48325417345315125
R_DOXRBCNtpp	0
R_EX_T6SS_E_RSc0958_e_	0
R_T3SS_E_RipAH_S	0
R_HMGL	0
R_PROT_RSp1139_BioS	0
R_ADK3	0
R_ACOATA	0
R_ADK4	0
R_APRAUR	1.8731542259119713e-4
R_PROT_RSp0630_BioS	0
R_MCCDNtex	0
R_GDPDPK	0
R_FE2t3pp	0
R_FDR	8.562190766575677e-4
R_MECDPDH3	8.562190766575677e-4
R_EX_protein_RSp1444_e_	0
R_PHBD	0
R_EX_ampi_e_	0
R_CYTCO_4pp	3.746308451824248e-4
R_PC11M	6.24384741970657e-5
R_3NTD7pp	0
R_4HPHACtex	0
R_SBTabcpp	0
R_GAPD	-1.1428966179668032
R_4OD3	0
R_ENDOGLAS	0
R_EX_T3SS_E_RipP2_e_	0
R_PPPGO	1.248769483941314e-4
R_PSP_L	0.39246517470686
R_LPLIPAL1A120pp	0
R_PG140abcpp	0
R_ALCD19y	0
R_HCOMODA	0
R_PHCD	0
R_ZN2t3pp	0
R_GLUDx	5.362511432723416
R_PG181abcpp	9.071778313833762e-4
R_ATHRDH	0
R_EX_no3_e_	0
R_EX_12dgr141_e_	0
R_MNL2DH	0
R_XANtex	0
R_EX_3hcinnm_e_	0
R_EX_skm_e_	0
R_FRUpts2pp	0
R_ILEtex	0
R_T3SS_E_RipTAL_BioS	0
R_DCTPD	0
R_PC17M	6.24384741970657e-5
R_FACOAL140t2pp	0
R_T3SS_E_RipU2_BioS	0
R_PA181abcpp	0
R_T3SS_E_RipN_BioS	0
R_PGPP120	0
R_GLYKr	0.0022735444416151275
R_EX_cro4_e_	0
R_DTMPK	0.004729084435822609
R_NODOy	0
R_ETHSO3abcpp	0
R_SUCOAS	-9.463107408647616
R_Tomteff	0
R_T3SS_E_RipB_BioS	0
R_NNAMr	0
R_EX_T6SS_E_RSp0745_e_	0
R_G3PD5	0
R_EX_taur_e_	0
R_2AGPA141tipp	0
R_GTPCI	1.8731542259125807e-4
R_MCCDNS1	0
R_CMB34OELH	0
R_2AGPG141tipp	0
R_T3SS_E_RipS4_BioS	0
R_G3PD2	-0.025686572299725593
R_GTHOXtex	0
R_PROT_RSp0881_BioS	0
R_LPSS2_RS	0.002990326925671129
R_BIOFILM	0
R_ARGtex	0
R_EX_gal_e_	0
R_PGLYCP	0
R_EX_T3SS_E_RipAA_e_	0
R_12GLUCANabcppRS	0.004479890525350007
R_3OADPCOAT	0
R_EX_hxa_e_	0
R_EX_ca2__e_	0
R_FACOAL120t2pp	0
R_EX_14bglucan_e_	0
R_EX_mso3_e_	0
R_PROT_cp_PehB_S	0
R_PYNP1	0
R_T3SS_E_RipBA_BioS	0
R_PTPAT	1.612760589124523e-4
R_4HPHEA1	0
R_GRXR	0
R_LPLIPAL1G161pp	0
R_EX_protein_RSp0540_e_	0
R_GPDDA3pp	0
R_2AGPA161tipp	0
R_GMHEPPA	0.0029903269256711293
R_HACOAD4	0
R_EX_T3SS_E_RipAW_e_	0
R_UM4PL	0
R_PGPP141	0
R_PGPP140	0
R_EX_idon_L_e_	0
R_EX_nh4_e_	4.581692937685727
R_EX_T3SS_E_RipAL_e_	0
R_PRAIS	0.10519090945988713
R_TRE6PS	0.0013317874552392064
R_SULabcpp	0
R_ETHSO3tex	0
R_TRE6PP	0.0013317874552392064
R_EXOPGALUR_1u	0
R_SPMDabcpp	0
R_DMQMT	6.24384741970657e-5
R_ASPPROAS	0
R_ASPO5	6.37824413542534e-4
R_UAGCVT	0.018527147253900624
R_NBAH	0
R_ASPO1	0
R_ampitex	0
R_T3SS_E_RipAU_S	0
R_EX_T3SS_E_RipG3_e_	0
R_CLPNS140pp	0
R_ASPO6	0
R_PSD180	0.001231969894471252
R_PROT_pe_RSc1775_S	0
R_PSD181	0.0022987438258202215
R_NODOx	0
R_GSNtex	0
R_OMBZLM	6.24384741970657e-5
R_TSULabcpp	0
R_T3SS_E_RipTAL_S	0
R_ASPt2pp	0
R_THRTRS	0.12620603261769148
R_EX_ni2_e_	0
R_PRAGSr	0.10519090945988714
R_T3SS_E_RipAN_BioS	0
R_PGPP160	0.003572712693966629
R_2AGPE140tipp	0
R_PROT_cp_RSc0887_S	0
R_T3SS_E_RipA3_S	0
R_PGPP161	0.002125148067962909
R_GALOR	0
R_EX_T3SS_E_RipZ_e_	0
R_ALAGLNabcpp	0
R_PROT_RSc0102_ACT	0
R_TMPKr	6.24384741970657e-5
R_PCW_bd_RSp1180_act	0
R_EX_arbtnl_fe3_e_	0
R_EX_na1_e_	0
R_NTPP11	0
R_NTPP10	0
R_MLDCP3App	9.043778998050325e-4
R_EX_PCW_RSc0246_act_e_	0
R_MUCCY_kt	0
R_EX_octa_e_	0
R_TZEAtpp	0
R_EX_hxan_e_	0
R_EPStpp	0.006199999999999999
R_ALATRS	0.20164361348761803
R_PG120abcpp	0
R_G5SD	0
R_UGLT	0
R_HPYRRx	0
R_HPYRRy	0
R_D_LACtex	0
R_GLCURDH	0
R_MMSAD3	0
R_EX_T3SS_E_RipD_e_	0
R_GLYC3Pabcpp	0
R_3OAS120	0.03649871175005875
R_FMNRx2	0
R_3OAS121	0.01809315785925733
R_T3SS_E_RipAD_S	0
R_THRD	0
R_PACCOALr	0
R_ADCYRS	6.24384741970657e-5
R_T3SS_E_RipZ_S	0
R_CFAS180G	0
R_PGPP181	0.0016379599733310959
R_PGPP180	8.791785155999387e-4
R_PGAMT	-0.10802527528481462
R_SKM3PCT	0.10252704012409158
R_34HPPOR	0
R_SDPDS	0.05194326262680823
R_GALCTt2rpp	0
R_NO3R2	0
R_EX_2kmb_e_	0
R_PHEAT2	0
R_lpdperox5	0
R_PHEAT1	0.21973257144950786
R_lpdperox4	0
R_lpdperox3	0
R_FECRMUtex	0
R_ALAGLUabcpp	0
R_PROT_RSc3220_BioS	0
R_THRA2	0
R_MPTS	3.4159165255793786e-5
R_AGMHE	0.0029903269256711293
R_lpdperox2	0
R_HKNTDH	0
R_DOPAQNISO1ex	0
R_KAS14	0
R_lpdperox1	0
R_IDONtex	0
R_EX_arbtnl_e_	0
R_GALKr	0
R_MPTG	0.009038179134893638
R_KAS15	0.05459270958878955
R_UAGPT3	0.018527147253900624
R_T3SS_E_RipO1_BioS	0
R_T3SS_E_RipAY_BioS	0
R_3OAS100	0.054591869609316064
R_BDH	0
R_HEXHSLACtpp	0
R_EX_tungs_e_	0
R_CFAS180E	0
R_UAGDP	0.1080252752848146
R_Ktex	0.054652704457165226
R_ADEt2rpp	0
R_3NTD2pp	0
R_PROT_cp_RSp0540_S	0
R_EX_thr_L_e_	0
R_RALFtpp	0
R_GTHRDtex	0
R_EX_tyr_L_e_	0
R_DASYN181	0.003936703799151319
R_EX_34dhphe_e_	0
R_PE180abcpp	0
R_EX_12dgr161_e_	0
R_4PCP	0
R_Canatex	0
R_DASYN180	0.0021111484100711903
R_GTHRDabcpp	0
R_ALAabcpp	0
R_EX_fru_e_	0
R_EX_fecrm_e_	0
R_T3SS_E_RipY_BioS	0
R_DHAPtex	0
R_ADOCBLtonex	0
R_EX_PCW_RSc0102_act_e_	0
R_SELtpp	0
R_ASPtex	0
R_GLYCK	0
R_ADEtex	0
R_NT_DNAf_30kb_ep	0
R_PEPCKc	8.969374635104796
R_T3SS_E_RipAR_BioS	0
R_URItex	0
R_CRNDabcpp	0
R_G3PItex	0
R_COBALT2tex	6.943830314292508e-5
R_PGP181abcpp	0
R_GLYCL	0
R_HBZOPT	6.243847419706569e-5
R_MLDCP2Bpp	0
R_NITL4	0
R_NITL5	0
R_ACM6PH	0
R_LPLIPAL1E161pp	0
R_OGMEACPD	5.599863156687507e-7
R_EX_T3SS_E_RipAD_e_	0
R_PROTCC2	0
R_EX_T3SS_E_RipG6_e_	0
R_PG161abcpp	0.0011759712629043765
R_PROT_cp_RSc2149_S	0
R_T3SS_E_RipAK_BioS	0
R_GLYBtex	0
R_CU1abcpp_in	0
R_RBKr	8.373832024833917e-4
R_MICITDr	0
R_EX_protein_RSp0295_act_e_	0
R_T6SS_E_RSp0768_S	0
R_T3SS_E_RipI_S	0
R_UAMAGS	0.018527147253900624
R_THRS	0.17864736266105735
R_EX_T3SS_E_RipAO_e_	0
R_METOX3spept	0
R_T3SS_E_RipR_BioS	0
R_DASYN160	0.008587390150780293
R_DASYN161	0.005109875130477352
R_EX_thm_e_	0
R_U23GAAT	0.0059806538513422595
R_GLYCabcpp	0
R_EX_br_e_	0
R_CMtex	0
R_BZOTCOA	0
R_PROT_RSp0768_BioS	0
R_Q8OXIR	0
R_LPLIPAL1A141pp	0
R_FACOAL100t2pp	0
R_2AGPA181tipp	0
R_SKMtex	0
R_O2tpp	22.82781180796809
R_EX_T3SS_E_RipS4_e_	0
R_T3SS_E_RipAQ_S	0
R_T3SS_E_RipG6_BioS	0
R_TTRCYCtex	0
R_ASP1DC	1.6127605891245233e-4
R_AGMDH	0
R_OGMEACPS	5.599863156687507e-7
R_ADPT2	0
R_OGMEACPR	5.599863156687508e-7
R_TAURtex	0
R_EX_dextrin_e_	0
R_ACCtex	0
R_NNATr	6.37824413542534e-4
R_TRSAR	0
R_PROT_RSc0246_ACT	0
R_PGPP160pp	0
R_GLYAT	0
R_T3SS_E_RipTPS_BioS	0
R_PROT_cp_RSc3151_S	0
R_SLNTtpp	0
R_DASYN141	0
R_CBL1tonex	0
R_DASYN140	0
R_MCPST	0
R_RFURRAC	0
R_INOSTt2pp	0
R_HXANt2rpp	0
R_T3SS_E_RipV1_BioS	0
R_LPSKOC12TR	0
R_DAAD2	0
R_T3SS_E_RipH2_BioS	0
R_EX_protein_RSc0246_e_	0
R_BPNT	0.0459267436722599
R_EX_T3SS_E_RipH1_e_	0
R_C8HSLS	0
R_CBPS	0.18117943572115763
R_EX_his_L_e_	0
R_23PDE2pp	0
R_IND3ACLNtpp	0
R_MOBDabcpp	3.611911736063441e-5
R_NADH5	0
R_AHLACYC10	0
R_EX_T3SS_E_RipA2_e_	0
R_GLNGLUabcpp	0
R_ARGabcpp	0
R_PACCOAE	0
R_Fusartex	0
R_PROT_PglA_BioS	0
R_NTRLASE3	0
R_NTRLASE2	0
R_ILETA	-0.05237889156916882
R_LDH_D	0
R_GLCGSD_e_	0
R_VNTDM	0
R_EX_pencil_e_	0
R_EX_T3SS_E_RipAS_e_	0
R_PROT_RSc3151_BioS	0
R_EX_T3SS_E_RipAH_e_	0
R_SUCRtex	0
R_cafeteff	0
R_TARTRt2rpp	0
R_EX_dha_e_	0
R_DASYN120	0
R_LIPOCT	8.399794735031262e-7
R_T3SS_E_RipC1_S	0
R_THRt2rpp	0
R_NGAME	64.76
R_NMNATr	0
R_PHEt2rpp	0
R_EX_glu_L_e_	-8.25
R_SARCOX	0
R_HDCEAtex	0
R_PCW_bd_RSc3188	0
R_T3SS_E_RipAD_BioS	0
R_CS	3.900602585869628
R_FUM	11.693129295456963
R_NT_DNAf_30kb_pc	0
R_TYRTRS	0.034527595840274136
R_GLCRD	0
R_5DOAN	2.239945262675003e-6
R_GLCS1	0.0026635749104784133
R_GNIDpp	0.006450000000000001
R_PGP161abcpp	0
R_CLPNS180pp	2.435940473159066e-4
R_EX_glyc_R_e_	0
R_3OAS180	0.004222296820142512
R_3OAS181	0.007873407598302636
R_4NPHP1pp	0
R_EX_protein_RSc3151_e_	0
R_PROT_RSc0104_ACT	0
R_2OXBUTOR	0
R_MALCOAMT	5.599863156687507e-7
R_EPStex	0.0062
R_LPLIPAL1A181pp	0
R_Tomtex	0
R_ACCOAC	0.3763010300269983
R_GLU5K	0
R_PROT_RSp0294_BioS	0
R_AIRC2r	0.10512847098569003
R_IADtpp	0
R_EX_xylu_D_e_	0
R_EX_PCW_adhesin_e_	0
R_PSGlcNAcDA	0
R_EX_protein_RSc0887_e_	0
R_EX_16aglucan_e_	0
R_RBFK	1.2487694839413143e-4
R_NT5C	0
R_NADK2	0
R_NADK1	1.25156941552143e-4
R_EX_PCW_RSc3188_e_	0
R_PROT_pe_RSp1620_S	0
R_ALKPpp	0
R_BUTSO3abcpp	0
R_DALAtex	0
R_TMPPP	6.24384741970657e-5
R_DSBAO1	0
R_GLCURtex	0
R_EX_gln_L_e_	0
R_T3SS_E_RipAG_BioS	0
R_XPPT	0
R_FCLT	1.248769483941314e-4
R_METALAabcpp	0
R_THRAr	0
R_BRSUCCDEH	0
R_ADSL2r	0.10512847098569005
R_TAURabcpp	0
R_T3SS_E_RipAU_BioS	0
R_EX_4hbz_e_	0
R_ALAASPabcpp	0
R_HISTADH	0
R_EX_galur3u_e_	0
R_AMPN	0
R_3OAS160	0.021547077121703093
R_EX_cit_e_	0
R_3OAS161	0.018093157859257337
R_PRATPP	0.03359599221392636
R_HEXHSLACtex	0
R_EX_ocdca_e_	0
R_DAPE	0.05194326262680823
R_EX_12dgr181_e_	0
R_ORPT	-0.10281628748836101
R_EX_fer_e_	0
R_PE120abcpp	0
R_TUNGSabcpp	0
R_EX_protein_PglA_e_	0
R_RALFtex	0
R_EX_ddca_e_	0
R_T3SS_E_RipM_S	0
R_ADSL1r	0.06974478884922396
R_CRNt2rpp	0
R_C6HSLS	0
R_MACACI	0
R_ACSERtpp	0
R_EX_DNAf_30kb_e_	0
R_T3SS_E_RipG5_S	0
R_MI4PP	0
R_2DHGLCNtex	0
R_DHNPA2	1.873154225912581e-4
R_G1DH	0
R_PCW_bd_Rsl2	0
R_GBEZ	0.0026635749104784133
R_EX_ppa_e_	0
R_DM_im4ac	0
R_ECOAH12	0
R_EX_protein_Mel_e_	0
R_TZEAtex	0
R_EX_orot_e_	0
R_SULDDH	0
R_PROT_pe_Egl_S	0
R_PROT_RSp0294_ACT	0
R_I2FE2ST	6.9998289458593824e-6
R_3OAS140	0.033508384824387616
R_EX_T3SS_E_RipAX1_e_	0
R_3OAS141	0.018093157859257334
R_EX_T6SS_E_RSc3430_e_	0
R_I2FE2SR	5.599863156687506e-7
R_I2FE2SS	8.007804314063137e-5
R_3HOXIDtex	0
R_EX_galct_D_e_	0
R_EAR180x	0.004222296820142381
R_T3SS_E_RipAM_S	0
R_FMETTRS	0
R_SPODM	0
R_NTD11	0
R_NTD10	0
R_2AMSADC	0
R_ACPYRH	0
R_NTD12	0
R_T3SS_E_RipP1_S	0
R_ASPVALabcpp	0
R_PROT_pe_PehB_S	0
R_23CUMPtex	0
R_ALATA_D2	0
R_PROT_pe_Pme_S	0
R_BRtex	0
R_DHCINDO	0
R_GLYCTO2	2.497538967883238e-4
R_PROT_cp_RSp0275_S	0
R_PROT_cp_PglA_S	0
R_T3SS_E_RipE1_S	0
R_LPADSS	0.0029903269256711293
R_SDPTA	-0.051943262626808234
R_Kabcpp	0
R_LPSabctex	0.0029903269256711293
R_EX_h2o2_e_	6.243847419706573e-5
R_CRNtex	0
R_EAR181x	0.007873407598302637
R_PGP141abcpp	0
R_PROT_cp_Tek2_S	0
R_PPLCc180	0
R_PPLCc181	0
R_T3SS_E_RipS1_BioS	0
R_4HBZtex	0
R_SO4t2pp	0.04714135399094542
R_THRPS	6.243847419706572e-5
R_PRMICI	0.033595992213926354
R_PRFGS	0.10519090945988714
R_ASPALAtex	0
R_PROT_RSc0249_ACT	0
R_2AGPE160tipp	0
R_EX_PHB_storage_c	0
R_EX_ala_L_asp_L_e_	0
R_PTRCTA	0
R_PCW_bd_RSp0294_act	0
R_ASPTRS	0.12694332676589049
R_THRPD	6.24384741970657e-5
R_MOGDS	3.4159165255793786e-5
R_PRAI	0.0011871709892177513
R_BZALDD2	0
R_BZALDD3	0
R_LAAO6ex	0
R_EX_LpdDam1	0
R_GENTCOAH	0
R_EX_LpdDam2	0
R_GDPTPDP	0
R_GLUNpp	0
R_BZALDD4	0
R_BZALDD5	0
R_COLIPAabcpp	0
R_FACOAL161t2pp	0
R_LYSt2pp	0
R_5OXPROtex	0
R_T3SS_E_RipG3_S	0
R_EX_T3SS_E_RipA5_e_	0
R_EX_T3SS_E_RipG2_e_	0
R_EX_g3pi_e_	0
R_ONOOf_c	0
R_TSULtex	0
R_CCGS	0
R_T3SS_E_RipS6_S	0
R_ACCSYN1	0
R_ACCSYN2	0
R_PACt3	0
R_PPLCc160	0
R_PTRCt2pp	-0.28
R_PPLCc161	0
R_PROT_cp_RSp1536_S	0
R_EGMEACPR	5.599863156687507e-7
R_CHTBSabcpp	0
R_EX_phe_L_e_	0
R_EX_T3SS_E_RipAK_e_	0
R_KDOPS	0.0029903269256711298
R_EX_asp_L_val_L_e_	0
R_MLTGY3pp	0
R_T3SS_E_RipAK_S	0
R_KDOPP	0.0029903269256711298
R_PROT_RSp1466_BioS	0
R_FUMt2_2pp	0
R_NTRLASE	0
R_AHLACY3OC8	0
R_METabcpp	0
R_HG2t3pp	0
R_ME2	0
R_DHAD2	0.05237889156916882
R_NADS2	6.37824413542534e-4
R_UPP3S	1.8731542259119716e-4
R_EX_T3SS_E_RipK_e_	0
R_DHAD1	0.21096089673080445
R_T3SS_E_RipZ_BioS	0
R_GLDBRAN2	0
R_APG3PAT120	0
R_MDH	13.611771265468574
R_GLTN2pp	0
R_DPCOAK	1.612760589124523e-4
R_PROT_PlcN_BioS	0
R_25DOPAOXRED	0
R_CYSTRS	0.017855983448956773
R_EX_PCW_L_Mannose_Rsl2_e_	0
R_EX_ala_D_e_	0
R_RFAMPtpp	0
R_ONOOf_e	0
R_DAGK180	0
R_ASPCTr	0.10281628748836104
R_PPLCc140	0
R_DAGK181	0
R_PPLCc141	0
R_PROT_RSp0518_BioS	0
R_GUAPRT	0
R_ONOOf_p	0
R_CO2tpp	-27.57063137612369
R_PC20M	6.24384741970657e-5
R_IMPC	-0.13872446319961643
R_IMPD	0.06897967435039246
R_TGBPA	0
R_FDH6	7.492616903648496e-4
R_PROT_ce_RSp0295_S	0
R_acfvteff	0
R_CU1O	1.739949668557026e-21
R_4AMBUAT	0
R_EX_glcur_e_	0
R_TMKr	0
R_NO3abcpp	0
R_UHGADA	0.005980653851342259
R_T3SS_E_RipQ_S	0
R_PYNP2r	0
R_METOX2s	0
R_EX_Berb_e_	0
R_IGPDH	0.033595992213926354
R_EX_protein_RSp0030_e_	0
R_NTPP9	0
R_T3SS_E_RipAE_BioS	0
R_NTPP4	0
R_NTPP3	0
R_NTPP5	0
R_PG160abcpp	0.0019767516943106902
R_VALt2rpp	0
R_AMAOTr	5.599863156687507e-7
R_EX_14aglucan_e_	0
R_EX_ins_e_	0
R_PSGlcNActpp	0
R_EX_slnt_e_	0
R_T3SS_E_RipL_BioS	0
R_IADtex	0
R_H2O2FERR	0
R_AM4PA	0
R_EX_PCW_RSp0294_act_e_	0
R_SAL5HL	0
R_MCCDNabcpp	0
R_METOX1s	0
R_2H5CMMSEMOR	0
R_HSERTA	0.027408296411867136
R_SUCptspp	0
R_3HPPtpp	0
R_GLCNtex	0
R_PCW_bd_RSp1073	0
R_PCW_bd_RSp1071	0
R_MLDEP2pp	0
R_EX_GKC_storage_c	0
R_PPNCL2	1.612760589124523e-4
R_EAR140x	0.021547077121703093
R_PPLCc120	0
R_UDPGDr	0.001196130770268452
R_INSEPIH	0
R_DHORTS	-0.10281628748836104
R_GLNtex	0
R_PRASCS	0.10512847098569005
R_PGP140abcpp	0
R_AGPAT160	0.008587390150780291
R_LYSDC	0
R_AGPAT161	0.005109875130477352
R_MESUCCt_1pp	0
R_THD2pp	0
R_PROT_CbhA_BioS	0
R_EX_glcr_e_	0
R_EAR141x	0.018093157859257334
R_IDOND	0
R_HEX7	0
R_FUSAtpp	0
R_EX_glyb_e_	0
R_CYTBDpp	0
R_HEX1	0
R_CLPNS141pp	0
R_GLYtex	0
R_PCW_bd_RSc0246_act	0
R_T3SS_E_RipH2_S	0
R_ACSERtex	0
R_23CGMPtex	0
R_IDONt2rpp	0
R_PROAS	0
R_2AGPG161tipp	0
R_EX_protein_PehC_e_	0
R_ARBTNLSYN	0
R_PTRCabcpp	0
R_DMPPS	8.562190766575678e-4
R_FUMtex	0
R_LPSS1_RS	0.002990326925671129
R_THFAT	0
R_EX_asp_L_e_	0
R_T3SS_E_RipS2_BioS	0
R_EX_glyc2p_e_	0
R_CBL1abcpp	0
R_LIPOS	8.399794735031261e-7
R_AHLACYC8	0
R_AGPAT180	0.0021111484100711907
R_T3SS_E_RipK_BioS	0
R_EX_T6SS_E_RSp0629_e_	0
R_AGPAT181	0.003936703799151319
R_AHLACYC7	0
R_EX_protein_RSc0102_e_	0
R_EX_cd2_e_	0
R_PROT_ce_RSp1180_S	0
R_UPP3MT	6.24384741970657e-5
R_3OOCTAtex	0
R_T3SS_E_RipS2_S	0
R_XYLK	0
R_PHBD_Ext	0
R_NO3R1pp	0
R_TMDPP	0
R_EX_Naldx_e_	0
R_GTHRDHpp	0
R_BLUB	6.24384741970657e-5
R_ZN2abcpp	0
R_EX_acpc_e	0
R_EX_ind3acnl_e_	0
R_XYLUtex	0
R_DM_2hyoxplac	0
R_AMPTASEQE	0
R_P5CD1p	0
R_EX_crn_e_	0
R_AMPTASEQG	0
R_MNLtex	0
R_T3SS_E_RipAM_BioS	0
R_23PDE9pp	0
R_TDPGDH	0.03344196155402677
R_DXPRIi	8.562190766575676e-4
R_EX_PCW_e_	0
R_T3SS_E_RipAG_S	0
R_THRD_L	0.052378891569168834
R_PC6AR	6.24384741970657e-5
R_PSbioS	0
R_VALTRS	0.11695351150436235
R_PYRtex	0
R_DGLUISO	0
R_MDDEP1pp	0.003614711667641786
R_ACt4pp	0
R_EX_protein_RSp1539_e_	0
R_T3SS_E_RipD_S	0
R_EX_protein_RSp1180_act_e_	0
R_EX_acser_e_	0
R_PROT_cp_RSp1073_S	0
R_EX_T6SS_E_RSp0768_e_	0
R_EX_T6SS_E_RSp0175_e_	0
R_EX_asp_L_gln_L_e_	0
R_MMTSAOR	0
R_PROabcpp	0
R_ETHAtex	0
R_UAPGR	0.018527147253900624
R_EX_T3SS_E_RipAV_e_	0
R_T3SS_E_RipAX1_S	0
R_HNO2_c	0
R_ICL	1.918392216114827
R_EX_h2o_e_	19.15699398577035
R_PROT_RSp0745_BioS	0
R_GLYCLTtex	0
R_NNDMBRT	6.24384741970657e-5
R_EX_T3SS_E_RipBB_e_	0
R_CHORS	0.10252704012409158
R_GALabcpp	0
R_CHORM	0.10102767676388846
R_PSPGAtex	0
R_EX_lys_L_e_	0
R_ETFDH	0
R_LPSKOabctex	0
R_MDH2	0
R_NTD9	0
R_PROT_cp_RSp1545_S	0
R_PMPK	6.24384741970657e-5
R_NTD5	0
R_EX_protein_RSp1467_e_	0
R_NTD6	0
R_RFAMPtex	0
R_NTD7	0
R_GSNt2pp	0
R_EX_protein_RSc1775_e_	0
R_NTD8	0
R_NTD1	0
R_NTD2	0
R_EX_cu_e_	0
R_NTD3	0
R_NTD4	0
R_EX_g3pe_e_	0
R_GLYCL_glu	-0.004908273482521016
R_DBTSr	5.599863156687507e-7
R_EX_no2_e_	0
R_CD2tpc	0
R_TDSK	0.0029903269256711298
R_TMDS	0.004729084435822609
R_PROT_cp_PlcN_S	0
R_EX_cu2_e_	-6.959798674228103e-21
R_EX_ttrcyc_e_	0
R_ALPATG160pp	0
R_COCHL	6.243847419706569e-5
R_2AGPG120tipp	0
R_EX_Fusar_e_	0
R_ARGN	0
R_ATPPRTr	0.03359599221392636
R_MDDCP5pp	0
R_3HBCOAHL	0
R_T6SS_E_RSc3430_S	0
R_PROD2	0
R_AMPTASEMA	0
R_AGM4PA	0
R_PNTOtex	0
R_GLYALDDr	0
R_MMM	0
R_GPDDA2pp	0
R_BETALDHx	0
R_PTHPS	0
R_AP5AH	0
R_AGM4PH	0
R_T6SS_E_RSc3222_S	0
R_H2O2FERR_minfe2	0
R_SO4tex	0.04714135399094542
R_GLCURt2rpp	0
R_LPLIPAL1G160pp	0
R_EAR100x	0.03649871175005874
R_ASPGLNabcpp	0
R_ANHMK	0
R_EX_protein_Rsl_e_	0
R_TDECOAI	0
R_AMPTASEGQ	0
R_FTHFD_glu	0
R_SPMDtex	0
R_SALCS	0
R_QUES1	0
R_ACONTa	3.900602585869628
R_QUES2	0
R_ACONTb	3.900602585869628
R_QUES3	0
R_QUES4	0
R_EX_xtsn_e_	0
R_3OAR160	0.02154707712170309
R_3OXCOAT	0
R_3OAR161	0.018093157859257337
R_3OHPAMEStex	-1.5e-4
R_PCW_bd_Rsl	0
R_TRDR	0.07456444385555981
R_CU1Opp	-1.739949668557026e-21
R_PROT_Rsl_BioS	0
R_THZPSN	6.24384741970657e-5
R_EAR40x	0.05459270958878954
R_PROT_cp_RSp0881_S	0
R_G5SADr	0.14673318863656165
R_METSOXR1pept	0
R_Berbtex	0
R_GALDTNDabcpp	0
R_3HPPtex	0
R_DNAdr	0
R_PROT_RSc3430_BioS	0
R_EX_fum_e_	0
R_Fenton_e	0
R_SULFACabcpp	0
R_Fenton_c	0
R_DGNSK	0
R_XTSNtex	0
R_EX_gthrd_e_	0
R_T3SS_E_RipAT_S	0
R_NO2t2rpp	0
R_T3SS_E_RipC1_BioS	0
R_PROT_RSp0175_BioS	0
R_EX_galctn_D_e_	0
R_PROT_RSp1536_BioS	0
R_EX_cbi_e_	0
R_2AMBZC	0
R_EX_gsn_e_	0
R_SUCCtex	0
R_MNLabcpp	0
R_EX_uri_e_	0
R_N6IAMPPRH	0
R_PPAtex	0
R_T3SS_E_RipA2_S	0
R_T3SS_E_RipTPS_S	0
R_GLUDtex	0
R_3OAR140	0.033508384824387616
R_SALCCOAS	0
R_EX_PCW_RSp0540_e_	0
R_ASPabcpp	0
R_CBItonex	0
R_FACOAL180t2pp	0
R_3OAR141	0.018093157859257334
R_GLUabcpp	0
R_HSLACtex	0
R_CPC4MT	0
R_Fenton_p	0
R_ORNTAC	0.516299983086943
R_T3SS_E_RipA4_BioS	0
R_CBIuabcpp	0
R_T6SS_E_RSp0175_S	0
R_EX_succ_e_	0
R_COBALT2teff_e	0
R_TRPt2rpp	0
R_MOCOS	3.4159165255793786e-5
R_PROT_pe_RSp1467_S	0
R_CYO1bc1	0
R_GLXCL	0
R_PROT_RSc0887_BioS	0
R_EX_arg_L_e_	0
R_T3SS_E_RipH1_BioS	0
R_APATr	0
R_REPHACCOAI	0
R_EX_T3SS_E_RipTAL_e_	0
R_T3SS_E_RipAC_S	0
R_T3SS_E_RipQ_BioS	0
R_SERD_L	0
R_EX_so4_e_	-0.04714135399094541
R_PROT_pe_RSp0030_S	0
R_NITORTpp	0
R_O2Stex	0
R_ACHBS	0.052378891569168834
R_RFURAST	0
R_CHTNASEe	0
R_PA120abcpp	0
R_CYSLYSL	0
R_EX_etha_e_	0
R_EX_T3SS_E_RipAY_e_	0
R_EX_T3SS_E_RipS3_e_	0
R_EX_protein_RSp1073_e_	0
R_AAMYL2	0
R_ANPRT	0.0011871709892177513
R_AGM3Pt2pp	0
R_PHEMEAS	0
R_FALDH2	0
R_EX_T3SS_E_RipAN_e_	0
R_G2PP	0
R_AMPTASEDA	0
R_SSALyr	0
R_3OAR120	0.03649871175005875
R_AMPTASEDE	0
R_FTHFD	0
R_FERtex	0
R_3OAR121	0.01809315785925733
R_AMPTASEDD	0
R_EX_mepyr_e_	0
R_PGSA141	0
R_PGSA140	0
R_EX_cbl1_e_	0
R_ACONtpp	0
R_MECDPS	8.562190766575678e-4
R_CU2tpp	0
R_CLPNS181pp	4.5358891569168805e-4
R_6PDDGLUCA	0
R_ZN2t4pp	0
R_HXPRT	0
R_EX_iad_e_	0
R_PGPP161pp	0
R_MCCDNtpp	0
R_EX_ochslac_e_	0
R_PROT_PehC_BioS	0
R_EDD	0
R_THMtex	0
R_MTI	0.0013317874552392066
R_EDA	0
R_AMPTASECG	0
R_DCAtex	0
R_PROT_RSp1539_BioS	0
R_EX_T3SS_E_RipP1_e_	0
R_OCTAtex	0
R_LPSabctpp	0.0029903269256711293
R_T3SS_E_RipF1_BioS	0
R_ISC4fe4s3d	0
R_ODECOAI	0
R_EX_protein_RSc2149_e_	0
R_T6SS_E_RSp0745_S	0
R_PAPR	0.0459267436722599
R_MALtex	0
R_3OAR100	0.054591869609316064
R_PGSA120	0
R_QUINtex	0
R_T3SS_E_RipBB_S	0
R_EX_etle_e_	0.0129
R_FE2abcpp	0
R_MSO3tex	0
R_AMPTASEDQ	0
R_OCTDPS	6.243847419706569e-5
R_EX_T3SS_E_RipC1_e_	0
R_OCDCAtex	0
R_ASAD	-0.2579989216997327
R_EX_ralf_e_	0
R_EX_23ccmp_e_	0
R_MDDCP1pp	0.007277022172115417
R_EX_ile_L_e_	0
R_AMPTASEDV	0
R_EX_no2r_e_	0
R_G3PIabcpp	0
R_AAMYL3	0
R_PA140abcpp	0
R_GF6PTAr	0.1080252752848146
R_CHOLD	0
R_EFE	0.006450000000000001
R_OHPHM	6.24384741970657e-5
R_T3SS_E_RipY_S	0
R_PCW_bd_RSp0540	0
R_T3SS_E_RipE1_BioS	0
R_EX_protein_RSp0630_e_	0
R_ASO3tex	0
R_EX_protein_RSc0102_act_e_	0
R_ASPALAabcpp	0
R_T3SS_E_RipAB_BioS	0
R_RNTR2	0
R_RZ5PP	6.24384741970657e-5
R_RNTR1	0.004729084435822599
R_EX_adn_e_	0
R_BLACT_ext	0
R_R05219	6.24384741970657e-5
R_PROT_pe_Mel_S	0
R_APG3PAT161	0.005109875130477351
R_AMID3	0
R_APG3PAT160	0.008587390150780291
R_4OI	0
R_RNTR4	0
R_ACPPAT120	0
R_RNTR3	0
R_ILETRS	0.05237889156916883
R_PGSA180	8.791785155999389e-4
R_CPPPGO	1.248769483941314e-4
R_ALATA_L2	0
R_T3SS_E_RipAX2_BioS	0
R_LEUTA	0.09384610916752961
R_ALAALAr	0.01631240137543071
R_DHORD2	0.10281628748836102
R_CTBTabcpp	0
R_QUINtpp	0
R_DAGK120	0
R_PROT_RSc0958_BioS	0
R_MOBDtex	3.611911736063442e-5
R_EX_ohr_e_	0
R_GLCNt2rpp	0
R_GALURtex	0
R_PROT_pe_RSc2149_S	0
R_PGSA181	0.0016379599733310959
R_EAR80x	0.05459270958878956
R_EX_id3acald_e_	0
R_AHC	8.373832024833914e-4
R_HATRAZE2	0
R_PA160abcpp	0
R_DAGK140	0
R_HATRAZE1	0
R_EX_T3SS_E_RipAR_e_	0
R_GALURDH	0
R_PROT_Egl_BioS	0
R_PROT_cp_Expansin_S	0
R_T3SS_E_RipAP_S	0
R_T3SS_E_RipG7_BioS	0
R_ALDD20x	0
R_ALAALAD	0
R_LPLIPAL1E140pp	0
R_AMPTASEAQ	0
R_ACPPAT140	0
R_LAAO2ex	0
R_APG3PAT141	0
R_ACPPAT141	0
R_APG3PAT140	0
R_TUNGStex	0
R_NTPTP2	0
R_NTPTP1	0
R_FERtpp	0
R_DAGK141	0
R_EX_pi_e_	-0.2346045869903668
R_EX_protein_Egl_e_	0
R_PGSA160	0.003572712693966629
R_AIRC3	-0.10512847098569005
R_CLtex	0.0014573643865279239
R_PGSA161	0.0021251480679629086
R_GLUCD3	0
R_3OHPAMEStpp	1.5000000000000001e-4
R_SERt2rpp	0
R_DAGK160	0
R_DAGK161	0
R_EX_PCW_RSc0249_act_e_	0
R_EX_T3SS_E_RipR_e_	0
R_ACPS1	0
R_T3SS_E_RipAS_BioS	0
R_EX_T3SS_E_RipTPS_e_	0
R_ARGSL	0.07836314823279655
R_EX_hdcea_e_	0
R_AMPTASEAD	0
R_2OBUTtex	0
R_AMPTASEAE	0
R_DURIPP	0
R_T3SS_E_RipT_BioS	0
R_EX_co2_e_	27.571380637814055
R_PSGlcNacbioS	0
R_SBTD_Dr	0
R_GMHEPAT	0.0029903269256711293
R_HBDH	0
R_QUINDH	0
R_HSDy	-0.20605565907292453
R_T3SS_E_RipL_S	0
R_ACPPAT161	0.005109875130477352
R_4HBZCT	0
R_ARGSSr	0.07836314823279657
R_ACPPAT160	0.008587390150780291
R_PROT_RSc0104_BioS	0
R_TDSR1	0
R_PROT_pe_Rsl2_S	0
R_GALTtex	0
R_EX_glcn_e_	0
R_FUSAtex	0
R_METtex	0
R_LEUTRS	0.09384610916752964
R_GLCFRUOXRpp	0
R_EX_3OHPAMES_e_	1.5e-4
R_T3SS_E_RipA1_BioS	0
R_DDGALK	0
R_2AGPG180tipp	0
R_EX_tartr_L_e_	0
R_T3SS_E_RipG4_BioS	0
R_EX_sucr_e_	0
R_ACS	0.054960162923470356
R_DHDPS	0.05194326262680823
R_GALCTtex	0
R_EX_ttdcea_e_	0
R_4PEPTabcpp	0
R_HMPK1	6.24384741970657e-5
R_23CAMPtex	0
R_EX_mn2_e_	-1.9347527206355335e-4
R_D4DGCD	0
R_EX_T6SS_E_RSc3220_e_	0
R_EX_dhap_e_	0
R_ADA	0
R_GLYt2rpp	0
R_GLYCLTt4pp	0
R_ARBTNLtpp	0
R_N6DMAAH	0
R_ACPPAT180	0.0021111484100711907
R_PROT_pe_PehC_S	0
R_EXOGLAS	0
R_MTHFC_glu	0
R_ACPPAT181	0.003936703799151319
R_GTHP	0
R_EX_protein_RSp0881_e_	0
R_GTHS	6.24384741970657e-5
R_MCCDNR	0
R_FCOAHA	0
R_3OAR180	0.004222296820142512
R_EX_chtbs_e_	0
R_COBRACDAS	6.243847419706569e-5
R_3OAR181	0.007873407598302636
R_APG3PAT181	0.003936703799151319
R_APG3PAT180	0.0021111484100711903
R_E4PD	6.243847419706573e-5
R_CHLabcpp	0
R_EX_T3SS_E_RipA1_e_	0
R_ACONtex	0
R_EX_Ss_e_	0
R_T3SS_E_RipBB_BioS	0
R_FDMO	0
R_GLUTRSasp	0
R_Htex	15.332257657845414
R_AKGDH	9.515050671274423
R_EX_T3SS_E_RipAG_e_	0
R_PROT_pe_RSp1071_S	0
R_HPYRI	0
R_BZDH	0
R_PROT_cp_Egl_S	0
R_EX_aso3_e_	0
R_EX_n2_e_	0
R_LPLIPAL1A160pp	0
R_IZPN	0
R_ENO	-1.5353617926736631
R_CO2tex	-27.571380637814052
R_PERD	6.243847419706572e-5
R_EX_T3SS_E_RipAU_e_	0
R_HACDHG	0
R_TRPO2	0
R_2AGPG140tipp	0
R_PG180abcpp	4.871880946318131e-4
R_3HPPPNH	0
R_PPK10r	0
R_LEUtex	0
R_EX_T3SS_E_RipAJ_e_	0
R_BLACT_ampi_ext	0
R_NDPK10	0
R_EX_3hoxid_e_	0
R_GUAD	0
R_PRAMPC	0.03359599221392636
R_AM3PA	0
R_EX_12dgr180_e_	0
R_ABUTD	0
R_HCINNMtex	0
R_VALtex	0
R_EX_T3SS_E_RipBA_e_	0
R_T3SS_E_RipAA_BioS	0
R_CU2tex	6.959798674228105e-21
R_ALATA_D	-0.01631240137543071
R_T3SS_E_RipS5_S	0
R_GLYC3Ptex	0
R_TARTRtex	0
R_2AGPA160tipp	0
R_DXPS	9.810960250516989e-4
R_DMPO_LACCASE	0
R_EX_galur2u_e_	0
R_CANAt2pp	0
R_ARGt3pp	0
R_CYSST2	0
R_NADH16pp	34.071618624492274
R_ASPK	0.2579989216997327
R_ZN2teff_e	0
R_EX_pencilca_e	0
R_TRPS1r	0.0011871709892177513
R_G1PTT	0.03344196155402677
R_EX_pa161_e_	0
R_ARBTNLtonex	0
R_BTCSYN1	0
R_PPS	-7.207441288003377
R_BTCSYN2	0
R_EX_pbhb_e_	0
R_FALDtex	0
R_ASNNpp	0
R_EX_mg2_e_	-0.0024289406442132067
R_AMALT4	0
R_AMALT3	0
R_AMALT2	0
R_EX_novbcn_e_	0
R_AMALT1	0
R_O2Stpp	0
R_EX_3oochslac_e_	0
R_SUCCt2_2pp	0
R_EX_gln_L_glu_L_e_	0
R_EX_T3SS_E_RipH3_e_	0
R_EX_T3SS_E_RipJ_e_	0
R_PA180abcpp	0
R_FALGTHLs	0
R_PROT_pe_RSc3151_S	0
R_CMBLD2	0
R_EX_fald_e_	0
R_CATECHOLtex	0
R_CMBLD4	0
R_LPLIPAL1G181pp	0
R_GLYCtpp	-0.0022735444416151275
R_3HOXIDS	0
R_T6SS_E_RSp0629_S	0
R_UDP4KPS	0.001196130770268452
R_3OAR40	0.05459270958878954
R_PPC	0
R_ASNN	0
R_CARMDC	0
R_tumble	0
R_PPA	0
R_BAPT2	0
R_GLNS	0.751607946974552
R_QATPSK3PT	0.1025270401240916
R_PPCOAC	0
R_ampiteff	0
R_ORNabcpp	0
R_ASR_gr	0
R_DDPGALA	0
R_EX_EPS_e_	0.0062
R_PROT_RSc0249_BioS	0
R_EX_T6SS_E_RSp0518_e_	0
R_HOMt2pp	0
R_EX_nac_e_	0
R_PROT_pe_Rsl_S	0
R_MI1PP	0
R_THRtex	0
R_GTPDPK	0
R_T3SS_E_RipG2_S	0
R_PROT_pe_RSp0881_S	0
R_ALLTAHr	0
R_3OHPAMES	1.5e-4
R_ARGDC	0
R_MALS	1.918641970011614
R_CYOCBB3_2pp	0
R_MALT	0.0013317874552392066
R_UDCPDPpp	0
R_PC6YM	6.24384741970657e-5
R_ACPCD	0
R_PROT_ce_RSc0246_S	0
R_EX_Resoc_e_	0
R_EX_isetac_e_	0
R_KMBAOX	0
R_T3SS_E_RipAJ_S	0
R_EX_met_L_ala_L_e_	0
R_MLDEP1pp	9.043778998050323e-4
R_CYStpp	0
R_ICDHyr	1.9822103697548
R_EX_T3SS_E_RipG1_e_	0
R_23PDE4pp	0
R_3OAR60	0.05459270958878955
R_EX_acon_e_	0
R_FACOAL60t2pp	0
R_CD2t3pp	0
R_GLYBabcpp	0
R_NOVBCNtpp	0
R_DUTPDP	0
R_PGCDr	0.39246517470685993
R_PACtex	0
R_SULFACtex	0
R_MCITD	0
R_CLPNS120pp	0
R_GLYCLTDy	0
R_EX_PCW_RSp1071_e_	0
R_MCTP2App	4.5078898411334445e-4
R_GLYCLTDx	0
R_TYRtex	0
R_PME	0
R_NOtex	0
R_SULFOX	0
R_EX_ala_L_glu_L_e_	0
R_ALATA_L	0
R_OPAH	0
R_MOHMT	1.6127605891245233e-4
R_ABUTtex	0
R_ARBTNLR	0
R_RFURB	0
R_ALDD19x	0
R_MPTAT	3.4159165255793786e-5
R_UHBZ1t_pp_	0
R_CHTNDA	0
R_FEMINE	0
R_EX_protein_RSp1536_e_	0
R_AGM4PCP	0
R_FDMO2	0
R_FDMO4	0
R_T3SS_E_RipA3_BioS	0
R_ACOADH4	0
R_G3PCabcpp	0
R_FDMO3	0
R_PROT_ce_RSp0294_S	0
R_CBIAT	0
R_METAT	0.002790895464693828
R_ASNS1	0
R_EX_T3SS_E_RipA4_e_	0
R_FDMO6	0
R_3OAR80	0.054592709588789555
R_FDMO5	0
R_EX_meoh_e_	5.599863156687506e-7
R_G3PCtex	0
R_RYLNTARH	0
R_PROT_RSc2149_BioS	0
R_MINCYCtpp	0
R_EX_protein_Expansin_e_	0
R_GLGC	0.12773371858351554
R_GLUt2pp	8.25
R_AOXSr2	5.599863156687508e-7
R_2OBUTt2rpp	0
R_HSTPTr	0.033595992213926354
R_EX_urea_e	0
R_CYRDAR	3.121923709853285e-5
R_EX_catechol_e_	0
R_SERTRS2	0
R_EX_asp_L_asp_L_e_	0
R_T3SS_E_RipS1_S	0
R_EX_3hpp_e_	0
R_RFURTT	0
R_TALA	-0.05073323611297792
R_EX_T3SS_E_RipG5_e_	0
R_GLYCtex	0
R_AKGt2rpp	0
R_H2SH2O2_e	0
R_H2SH2O2_c	0
R_EX_cytd_e_	0
R_PGPP140pp	0
R_PROT_cp_RSc0337_S	0
R_DKGLCNR2y	0
R_3NTD9pp	0
R_DKGLCNR2x	0
R_CRNDt2rpp	0
R_PROT_cp_RSp0030_S	0
R_T3SS_E_RipAO_BioS	0
R_H2SH2O2_p	0
R_EX_3hpppn_e_	0
R_MCITS	0
R_GPDDA5pp	0
R_CYTDtex	0
R_AICART	0.13872446319961643
R_PPNDH	0.06643764244941726
R_T3SS_E_RipP1_BioS	0
R_COBALT2t3pp	0
R_MPTG2	4.507889841133444e-4
R_BZDHy	0
R_EX_T3SS_E_RipV1_e_	0
R_PYK	0
R_EX_mal_L_e_	0
R_EX_T3SS_E_RipAC_e_	0
R_EX_pa181_e_	0
R_EX_5mtr_e	0.0018882738564350277
R_IG3PS	0.033595992213926354
R_T3SS_E_RipAW_S	0
R_EX_protein_RSp1466_e_	0
R_MCTP1Bpp	9.043778998050324e-4
R_EX_ala_L_gln_L_e_	0
R_EX_ag_e_	0
R_T3SS_E_RipAV_BioS	0
R_LSERDH	0
R_T3SS_E_RipH1_S	0
R_PROT_RSp0275_BioS	0
R_T6SS_E_RSc1944_S	0
R_EX_protein_RSc0104_act_e_	0
R_PStex	0
R_LAAL5	0
R_T3SS_E_RipT_S	0
R_LAAL6	0
R_CYTK1	0.0237529395517213
R_T3SS_E_RipAH_BioS	0
R_LYSt3pp	0
R_LAAL8	0
R_NOVBCNtex	0
R_EX_T3SS_E_RipE1_e_	0
R_EX_dca_e_	0
R_EX_cobalt2_e_	-6.943830314292508e-5
R_T6SS_E_RSp0518_S	0
R_CYTK2	0
R_T3SS_E_RipA5_S	0
R_PNTK	1.6127605891245233e-4
R_PAPPT3	0.018527147253900624
R_EX_ala_L_e_	0
R_HEPT5	0.0029903269256711293
R_Esclttex	0
R_MALEI	0
R_AKP1pp	0
R_NACtex	0
R_EX_ser_L_e_	0
R_EX_ttdca_e_	0
R_CDGS	0
R_METB1r	0
R_PHETRS	0.06643764244941722
R_CDGR	0
R_DGK1	0
R_P5CD	0
R_NO2tex	0
R_UAMAS	0.018527147253900624
R_EX_pro_L_e_	0
R_EX_tre_e_	0
R_ADNUC	8.373832024833916e-4
R_2AGPE180tipp	0
R_EX_2obut_e_	0
R_EX_T3SS_E_RipS6_e_	0
R_NOtpp	0
R_P5CR	0.15318318863656163
R_EX_4abut_e_	0
R_LYSTRS	0.0334161153729076
R_MLTGY4pp	0
R_MTHFR2_glu	0.02824567961435052
R_EX_T6SS_E_RSp1139_e_	0
R_ALAtex	0
R_CARHM1	0
R_EX_met_L_e_	0
R_HWr_p	0
R_BUTt2rpp	0
R_OCBT	0.07836314823279657
R_5MTRtpp	0.0018882738564350277
R_EX_glyc_e_	0
R_HWr_c	0
R_EX_mnl_e_	0
R_EX_protein_RSp0294_act_e_	0
R_T3SS_E_RipAF1_BioS	0
R_LPLIPAL1E180pp	0
R_MEPCT	8.562190766575678e-4
R_HWr_e	0
R_Fusarteff	0
R_ADMDCr	0.0018882738564350273
R_GTADT1	0
R_GTADT2	0.06441666338294523
R_MDDEP2pp	0
R_34DHPHAOR	0
R_PGP160abcpp	0
R_EX_ind3ac_e_	0
R_PROT_ce_RSc0104_S	0
R_PROT_RSp0629_BioS	0
R_ETLEtex	-0.012900000000000002
R_EX_mincyc_e_	0
R_MTHFR2	0
R_EX_T3SS_E_RipN_e_	0
R_T3SS_E_RipAX2_S	0
R_PROT_cp_RSp1620_S	0
R_N2tex	0
R_G1PACT	0.10802527528481462
R_PANTS	1.6127605891245233e-4
R_EX_T3SS_E_RipY_e_	0
R_EX_protein_PC_e_	0
R_AGM4PApp	0
R_MCSNAH1r	0
R_L_LACtex	0
R_PPAt2rpp	0
R_CYStex	0
R_2AGPA140tipp	0
R_ORNDC	0.2912036462175847
R_HCO3E	0.6626089367338459
R_EX_tom_e_	0
R_MEPYRCE	0
R_PStpp	0
R_NABTNO	0
R_3NTD4pp	0
R_OPHBDC	6.243847419706569e-5
R_EX_g3pc_e_	0
R_FACOAL141t2pp	0
R_EX_pc141_e_	0
R_ADNtex	0
R_EX_protein_PlcN_e_	0
R_UDPG4E	0
R_AKP1	1.8731542259125807e-4
R_DM_frmd	0
R_GGGABADr	0
R_EX_PCW_Expansin_e_	0
R_T3SS_E_RipAX1_BioS	0
R_MESUCCtex	0
R_ICYSDS	3.763108041294005e-4
R_CLPNS160pp	9.883758471553451e-4
R_UGMDDS	0.01852714725390062
R_ACOAD8f	0
R_EX_k_e_	-0.054652704457165226
R_T3SS_E_RipAC_BioS	0
R_GPDDA1pp	0
R_PSSA161	0.002984727062514441
R_PSSA160	0.005014677456813664
R_THBPT4ACAMDASE	0
R_EX_cholp_e_	0
R_OXDHCOAT	0
R_OCOAT1r	0
R_PROT_cp_Mel_S	0
R_LPLIPAL1A161pp	0
R_DHPPDA	1.8731542259119716e-4
R_MOADSUx	6.831833051158756e-5
R_PROT_Tek2_BioS	0
R_FACOAL80t2pp	0
R_PROT_RSc3188_BioS	0
R_MEPYRtex	0
R_FORtppi	7.492616903648497e-4
R_PROT_RSc0102_BioS	0
R_3PEPTabcpp	0
R_DM_1cu2s_CopA	0
R_12GLUCANacabcppRS	0.0026319356836431284
R_T3SS_E_RipK_S	0
R_DHACOAH	0
R_PROT_RSp1073_BioS	0
R_EX_hdca_e_	0
R_FECRMabcpp	0
R_2AGPA180tipp	0
R_EX_aso4_e_	0
R_PE160abcpp	0
R_AAMYL	0
R_FESR	0
R_ORNCD	0
R_PGP180abcpp	0
R_TREHpp	0
R_T3SS_E_RipAS_S	0
R_FE2tex	0.0023107835316070998
R_DM_AMOB	5.599863156687507e-7
R_GENDO	0
R_PROT_pe_RSp1444_S	0
R_T3SS_E_RipAJ_BioS	0
R_EX_4hphac_e_	0
R_MCCDNtonex	0
R_PSSA181	0.0022987438258202223
R_3OOCHSLACtex	0
R_PSSA180	0.0012319698944712517
R_THFGLUS	7.972913035234683e-18
R_HACD8i	0
R_EX_fe3mccdn_e_	0
R_XTSNH	0
R_EX_PCW_L_Mannose_e_	0
R_ISETACtex	0
R_LPLIPAL1G120pp	0
R_EX_protein_PehB_e_	0
R_ACGLUt2pp	0
R_ENDOPGALUR_3u	0
R_FFSDr	0
R_IPPMIb	-0.09384610916752961
R_EX_no_e_	0
R_IPPMIa	-0.0938461091675296
R_ACOAD5f	0
R_UREA	0
R_PG141abcpp	0
R_T3SS_E_RipA1_S	0
R_PRPPS	0.246218520043313
R_AGPAT120	0
R_PROT_Pme_BioS	0
R_2AGPE141tipp	0
R_HPPK2	1.873154225912581e-4
R_ALHD15y	0
R_PPCSYN1	0
R_CD2tex	0
R_PROT_cp_Tek_S	2.7e-4
R_EX_akg_e_	0
R_FALDtpp	0
R_PROT_cp_RSc3188_S	0
R_PC3BS	6.24384741970657e-5
R_ASO4tpc	0
R_PPCSYN2	0
R_MDDCP2pp	4.5078898411334445e-4
R_EX_pac_e_	0
R_ACOAD4f	0
R_PROT_pe_RSp1466_S	0
R_UACMAMO	0
R_EX_polygalurnxu_e_	0
R_PSSA120	0
R_CHRPL	6.243847419706569e-5
R_THRt2pp	0
R_EX_fusa_e_	0
R_CUt3pp	0
R_EX_val_L_e_	0
R_EX_pect_e_	0
R_EX_5oxpro_e_	0
R_CYSabcpp	0
R_T3SS_E_RipAB_S	0
R_EX_Tek_e_	2.7e-4
R_T3SS_E_RipX_S	0
R_DAPDC	0.0334161153729076
R_CYTDH	0
R_DSBCGT	0
R_Resoctex	0
R_EX_T3SS_E_RipQ_e_	0
R_2AGPG160tipp	0
R_AGPAT140	0
R_AGPAT141	0
R_DKGLUCK	0
R_ACOAD7f	0
R_ACBIPGT	6.24384741970657e-5
R_CYSTBL3	0
R_DM_5DRIB	2.239945262675003e-6
R_EX_bhb_e_	0
R_PMDPHT	1.8731542259119713e-4
R_MLDCP1App	4.059900788598442e-4
R_URCN	0
R_HEMEOS	6.24384741970657e-5
R_T3SS_E_RipAZ1_BioS	0
R_T3SS_E_RipAQ_BioS	0
R_EX_protein_RSc0337_e_	0
R_ACOTA	-0.516299983086943
R_EX_23cump_e_	0
R_DHPS2	1.873154225912581e-4
R_EX_spmd_e_	0
R_CPMPS	3.415916525579379e-5
R_SADT2	0.04592674367225989
R_ACYP_2	0
R_PSSA141	0
R_ACOAD6f	0
R_PSSA140	0
R_GLCtex	0
R_NACODA	0
R_PROT_PehB_BioS	0
R_LGTHL	0
R_CFAS160G	0
R_TTDCEAtex	0
R_CFAS160E	0
R_CU1abcpp	0
R_OPMEACPR	5.599863156687507e-7
R_OPMEACPS	5.599863156687507e-7
R_MTARTDC	0
R_ACOAD1f	0
R_MEPYRt_p	0
R_LPLIPAL1E141pp	0
R_T3SS_E_RipAF1_S	0
R_THIORDXi	0
R_ARGTRS	0.07191314823279656
R_PROT_cp_Pme_S	0
R_LPSKOabctpp	0
R_ALCD2x	0
R_SFGTH	0
R_4HBHYOX	0
R_TTDCAtex	0
R_NAtex	0
R_T3SS_E_RipBA_S	0
R_PPLDc141	0
R_HPAtex	0
R_ALCD2y	0
R_5HOXINDACTOX	0
R_DOCRBCNtex	0
R_EPMEACPR	5.599863156687507e-7
R_EX_T3SS_E_RipS2_e_	0
R_UMPK	0.12433376166793275
R_HIUHase	0
R_PROT_cp_RSp1539_S	0
R_ETLEtpp	0.012900000000000002
R_CHLtex	0
R_OPMEACPD	5.599863156687508e-7
R_EX_h2s_e_	0
R_METSr	0
R_PPLDc140	0
R_ASPASPabcpp	0
R_GLYGLNtex	0
R_EX_pc161_e_	0
R_MPTSS	6.831833051158756e-5
R_GLUN	0
R_EX_o2s_e_	0
R_PCW_bd_RSp1539	0
R_EX_hexhslac_e_	0
R_EX_PCW_L_Fucose_Rsl_e_	0
R_GLUR	-0.03483954862933134
R_ALCD19	0
R_DM_chitos	0
R_EX_leu_L_e_	0
R_ACOAD3f	0
R_GALTabcpp	0
R_INSH	0
R_T3SS_E_RipG7_S	0
R_EX_protein_RSp1180_e_	0
R_NTRIR2x	0
R_ILEabcpp	0
R_UDCPDPS	1.5399623680894987e-5
R_HDCOAI	0
R_INSt2rpp	0
R_PCW_bd_RSp1545	0
R_URIDK2r	-0.004729084435822609
R_Resocteff	0
R_METACH	0.027408296411867133
R_T6SS_E_RSc0958_S	0
R_Berbteff	0
R_ASO4tex	0
R_Escltteff	0
R_PPLDc120	0
R_ACOAD2f	0
R_H2St1pp	0
R_EX_galt_e_	0
R_MAN6PI	0
R_OMCDC	0.09384610916752961
R_G3PGtex	0
R_PROT_RSp0656_BioS	0
R_T3SS_E_RipAO_S	0
R_DPR	1.6127605891245233e-4
R_EX_Esclt_e_	0
R_GLCRtex	0
R_EX_mobd_e_	-3.611911736063442e-5
R_XAND	0
R_EX_protein_RSp1545_e_	0
R_BROMOSUCCtex	0
R_T3SS_E_RipS5_BioS	0
R_AGtex	0
R_PROt2rpp	0
R_GHMT2r	0.2489306101026328
R_NTRIR5pp	0
R_FTHFCL	0
R_GLUDt2pp	0
R_PCADYOX	0
R_EX_T3SS_E_RipAQ_e_	0
R_PROT_RSp0103_BioS	0
R_EX_ampica_e	0
R_PROT_pe_RSp0275_S	0
R_T3SS_E_RipG2_BioS	0
R_HSK	0.17864736266105738
R_PROT_RSp0295_ACT	0
R_EX_23camp_e_	0
R_ABZS	1.873154225912581e-4
R_PROT_cp_RSc1775_S	0
R_EX_pa141_e_	0
R_EPSbioS	0.0062
R_G3PGabcpp	0
R_GLUtex	8.25
R_EX_acfv_e_	0
R_CATECHOLtpp	0
R_EX_peptide_PC_e_	0
R_AGDC	0
R_PPK2r	-6.24384741970657e-5
R_GP4GH	0
R_EX_protein_RSc0249_act_e_	0
R_PROtex	0
R_NI2tex	0
R_PGPP180pp	0
R_UPPDC1	1.248769483941314e-4
R_EX_protein_RSp0275_e_	0
R_PYRt2rpp	0
R_RFURAH	0
R_TYRASEex	0
R_T2DECAI	0.01809315785925733
R_SALCCOA5HL	0
R_DOPACHRex	0
R_FRUK_r	0
R_EX_butso3_e_	0
R_ALAGLUtex	0
R_OMMBLHX	6.24384741970657e-5
R_AHSERL	0
R_EX_but_e_	0
R_MEOHtex	-5.599863156687507e-7
R_PTRCDH	0
R_MG2tpp	0.0024289406442132067
R_FECRMtonex	0
R_PE140abcpp	0
R_EX_fe2_e_	-0.0023107835316070993
R_EX_T3SS_E_RipAF1_e_	0
R_FECRMexs	0
R_HISTRS	0.03359599221392636
R_4CBMCLC	0
R_ASNtex	0
R_CPOLDH	0
R_OPHHX	6.243847419706569e-5
R_SPODMpp	0
R_acfvtex	0
R_KDOCT2	0.0029903269256711293
R_RNDR2	0.009589765655827358
R_RNDR1	0
R_EX_ac_e_	0
R_EX_sulfac_e_	0
R_RNDR4	0.004729084435822609
R_RNDR3	0.009589765655827356
R_UAAGDS	0.01852714725390062
R_MDDEP3pp	0
R_NH4tex	-4.581692937685727
R_3HAD121	0.01809315785925733
R_3HAD120	0.03649871175005875
R_COBALT2tpp	6.943830314292508e-5
R_NADN	0
R_OROTt2_2pp	0
R_MN2t3pp	0
R_CTBTtex	0
R_NADK	0
R_FOLR2	0
R_NI2tpp	0
R_ORNTA	0.14673318863656162
R_PMANM	0
R_EX_T3SS_E_RipU2_e_	0
R_AM4PCP	0
R_IND3ACtpp	0
R_T3SS_E_RipB_S	0
R_CYSSr	0.018518447260392767
R_DHPR	0
R_CYSTL	0
R_CYRDAAT	6.24384741970657e-5
R_PROT_pe_RSp0540_S	0
R_PCW_bd_RSc0104_act	0
R_DATA3	0
R_HOMtex	0
R_MCOATA	0.3763004700406826
R_HPPPNDO	0
R_UBQBM	0
R_EX_glu_D_e_	0
R_DHQD	0.10252704012409164
R_EX_T3SS_E_RipT_e_	0
R_ALAR	0
R_GTPCII	1.873154225911972e-4
R_UDCPPtppi	0
R_FERULCOAS	0
R_MSO3abcpp	0
R_T3SS_E_RipAL_BioS	0
R_DHQS	0.10252704012409163
R_5DGLCNR	0
R_3HAD100	0.05459186960931607
R_NIRP	0
R_2AGPA120tipp	0
R_OMPDC	0.10281628748836101
R_DCAHSLACtex	0
R_UREAtex	0
R_EX_protein_Rsl2_e_	0
R_ALAGLNtex	0
R_EX_ctbt_e_	0
R_METSOXR2	0
R_PHEtex	0
R_METSOXR1	0
R_MOAT	0.0029903269256711293
R_HG2tpc	0
R_PROT_Mel_BioS	0
R_INS2D	0
R_EAR160x	0.021397077121703096
R_UGLYCH	0
R_3OAS60	0.05459270958878955
R_TYRDOPOex	0
R_EX_tsul_e_	0
R_PCW_bd_RSp0295_act	0
R_EX_cellos_e_	0
R_L_LACD2	0
R_CITtpp	0
R_PROT_RSp0295_BioS	0
R_MNtex	1.9347527206355335e-4
R_DM_4HBA	6.24384741970657e-5
R_AKGtex	0
R_SEAHCYSHYD	0
R_NORcytc	0
R_GLYC2Pabcpp	0
R_PROT_Rsl2_BioS	0
R_PPA2	0
R_ALDD3y	0
R_DMATT	1.4027657207502643e-4
R_PPGPPDP	0
R_EX_T3SS_E_RipA3_e_	0
R_CRO4tpc	0
R_EAR161x	0.01809315785925734
R_EX_g3pg_e_	0
R_EX_quin_kt_e_	0
R_CYNTAH	0
R_PROT_RSc1775_BioS	0
R_EX_ptrc_e_	0.28
R_GLYCAtex	0
R_HIBDkt	0
R_EX_T3SS_E_RipAI_e_	0
R_LPLIPAL1G180pp	0
R_MCTP1App	0.00768301225097526
R_PPLDc180	0
R_PPLDc181	0
R_DHDPRy	0.05194326262680822
R_GPDDA5	0
R_TYRt2rpp	0
R_HISTP	0.033595992213926354
R_SUCD1	2.2735444416151283e-4
R_GPDDA4	0
R_ALDD4x	0
R_GPDDA3	0
R_GPDDA2	0
R_GPDDA1	0
R_DM_2feooh	0
R_ALPATE160pp	0
R_FMETDFpept	0
R_GARFT	0.10519090945988713
R_3OAS80	0.05459270958878956
R_H2Otex	-19.15699398577035
R_PROT_cp_Rsl_S	0
R_2AGPE161tipp	0
R_GLNGLYabcpp	0
R_LYStex	0
R_HISTD	0.033595992213926354
R_EX_T3SS_E_RipH2_e_	0
R_OROTtex	0
R_ADCPS2	6.243847419706572e-5
R_SUCDi	11.440303357358632
R_Seltex	0
R_ATPS4rpp	72.92167876494243
R_CITR_Ltex	0
R_PIt2rpp	0.2346045869903668
R_T3SS_E_RipG1_S	0
R_12GLUCANS2	0.004479890525350006
R_12GLUCANS1	0.004479890525350007
R_12GLUCANS4	0.002631935683643129
R_12GLUCANS3	0.002631935683643129
R_EX_L_dpchrm_e_	0
R_ALDD31	0
R_XANt2pp	0
R_CPPPGO2	0
R_ACGLUtex	0
R_PROT_pe_RSc0887_S	0
R_EX_asp_L_ala_L_e_	0
R_ID3ACALDtpp	0
R_EX_pc181_e_	0
R_T3SS_E_RipS4_S	0
R_PROT_RSp1071_BioS	0
R_XTSNt2pp	0
R_EX_pa160_e_	0
R_EX_gly_gln_L_e_	0
R_EX_protein_RSp0295_e_	0
R_PGMT	-0.16990359836304997
R_PCW_bd_RSc0249_act	0
R_T3SS_E_RipAZ1_S	0
R_FORtex	0
R_ACS2	0
R_EX_T3SS_E_RipAT_e_	0
R_D_LACt2pp	0
R_PROT_cp_CbhA_S	0
R_EX_h_e_	-15.332257657845416
R_CHTBStex	0
R_TDPDRE	0.03344196155402677
R_EX_ethso3_e_	0
R_ADNCYC	0
R_T3SS_E_RipAI_S	0
R_ACODA	0
R_PPLDc160	0
R_ALDD2y	0
R_PPLDc161	0
R_FACOAL160t2pp	0
R_G6PDH2r	0
R_TDPDRR	0.03344196155402677
R_THMt2pp	0
R_MLTGY1pp	0
R_EX_T3SS_E_RipAB_e_	0
R_PItex	0.2346045869903668
R_PHEODC	0
R_URIH	0
R_PCW_bd_RSc0102_act	0
R_EX_chtn_e_	0
R_UM3PL	0
R_URIC	0
R_CU2abcpp	0
R_HG2abcpp	0
R_EX_T3SS_E_RipO1_e_	0
R_PROT_cp_RSp1071_S	0
R_EX_asp_L_glu_L_e_	0
R_NNDPR	6.378244135425339e-4
R_H2O2tex	-6.243847419706572e-5
R_SHK3Dr	0.10252704012409163
R_ACGK	0.5162999830869431
R_EX_23cgmp_e_	0
R_ACtex	0
R_FKYNH	0
R_MNt2pp	1.9347527206355335e-4
R_ACGS	0
R_T3SS_E_RipA5_BioS	0
R_GHMT2r_glu	0.033153953096871545
R_PROT_cp_Rsl2_S	0
R_MG2tex	0.0024289406442132067
R_PA141abcpp	0
R_UREAtpp	0
R_UDCPDP	0.018527147253900624
R_EX_T3SS_E_RipAM_e_	0
R_AGPR	-0.5162999830869431
R_ACRCSYN1	0
R_EX_pa180_e_	0
R_ACRCSYN2	0
R_CBLAT	0
R_FMNRx	0
R_PROT_cp_RSp1467_S	0
R_A5PISO	0.0029903269256711293
R_LPLIPAL1G140pp	0
R_EX_T3SS_E_RipM_e_	0
R_T3SS_E_RipW_S	0
R_MBCOA	0
R_ECOAH2	0
R_I2FE2SS2	7.363820051044073e-5
R_ASPGLUabcpp	0
R_ECOAH1	0
R_EX_protein_RSc0246_act_e_	0
R_AGMH	0
R_ECOAH6	0
R_ECOAH5	0
R_ECOAH4	0
R_ECOAH3	0
R_NAt3pp	0
R_3HAD181	0.007873407598302637
R_3HAD180	0.0042222968201423815
R_ECOAH8	0
R_PE161abcpp	0
R_EX_T3SS_E_RipX_e_	0
R_ECOAH7	0
R_EX_PCW_RSp1180_e_	0
R_TYRDOPO3ex	0
R_SERtex	0
R_EX_pnto_R_e_	0
R_EX_protein_RSp1620_e_	0
R_PROT_C_Tek2	0
R_DHFR	0.004916399858413867
R_DHFS	1.873154225912581e-4
R_BIOFILM_PGA	0
R_TRPODC	0
R_CRO4tex	0
R_AGMT	0
R_T3SS_E_RipG5_BioS	0
R_GLCabcpp	0
R_AMPMS2	0
R_MSAR	0
R_MDDCP3pp	0
R_Slnttex	0
R_Kt2pp	0.05465270445716523
R_DNAd_ohr	0
R_METSOXR2pept	0
R_EX_T3SS_E_RipB_e_	0
R_PROT_cp_PehC_S	0
R_EX_cl_e_	-0.0014573643865279239
R_EX_glyclt_e_	0
R_CD2t4pp	0
R_T6SS_E_RSc3220_S	0
R_CYTBO3_4pp	45.614988023236066
R_EX_galur_e_	0
R_EAR120x	0.03649871175005875
R_GPDDA4pp	0
R_FEOXpp	0
R_MTHPTGHMr	0.02824567961435052
R_T3SS_E_RipAT_BioS	0
R_dextrin_DEC_e_	0
R_LPLIPAL1E181pp	0
R_EX_T3SS_E_RipG4_e_	0
R_GLCGSD_2	0
R_FE2t2pp	0.0023107835316071
R_EX_PCW_L_Fucose_e_	0
R_KDOO	0
R_3HAD161	0.01809315785925734
R_3HAD160	0.021397077121703093
R_COBALT2t4pp	0
R_EX_protein_RSc0104_e_	0
R_GALCTNtex	0
R_ISETACabcpp	0
R_ALHD16	0
R_PROT_C_Tek	2.7e-4
R_EX_lac_D_e_	0
R_BROMOSUCCt_2pp	0
R_T3SS_E_RipU2_S	0
R_TTRCYCtpp	0
R_EAR121x	0.01809315785925733
R_PROT_RSc3222_BioS	0
R_T3SS_E_RipD_BioS	0
R_CATpp	0
R_EX_pyr_e_	0
R_EX_PCW_RSc0104_act_e_	0
R_T3SS_E_RipAV_S	0
R_NDPK4	0.03817104598984938
R_EX_hphead_e_	0
R_ACLS	0.2109608967308044
R_NDPK5	0.009589765655827356
R_PHETHPTOX2	0
R_NDPK2	0.2148403965628607
R_AGMt2pp	0
R_NDPK3	0.014163173895893945
R_NDPK1	9.144623671736595
R_NDPK8	0
R_NDPK9	0
R_NDPK6	0
R_IMACTD	0
R_NDPK7	0.009589765655827356
R_HACD7	0
R_MALt2_2pp	0
R_3HAD141	0.018093157859257334
R_3HAD140	0.021547077121703093
R_SKMt2pp	0
R_PROT_RSc0246_BioS	0
R_EX_xan_e_	0
R_T3SS_E_RipA4_S	0
R_GTHPe	0
R_AHCYSNS	0
R_EX_gnid_e_	0.006450000000000001
R_EX_protein_RSp1071_e_	0
R_CITRabcpp	0
R_5OXPROt2pp	0
R_GLYBt2pp	0
R_NO3trpp	0
R_EX_glyc3p_e_	0
R_T3SS_E_RipH3_BioS	0
R_HACD1	0
R_PDX5PS	6.243847419706572e-5
R_HACD2	0
R_HACD3	0
R_PSERTr	0.39246517470686004
R_HACD4	0
R_HACD5	0
R_HACD6	0
R_CTBTt2rpp	0
R_SPMS	0.0018882738564350275
R_PROT_RSc1944_BioS	0
R_CTPS1	0.07397419229984196
R_CTPS2	0
R_PDX5PO	6.24384741970657e-5
R_EX_12dgr120_e_	0
R_CRNabcpp	0
R_ACGAMK	0
R_MTHFD	0.2439778111337007
R_PROT_ce_RSc0249_S	0
R_MTHFC	0.2439778111337007
R_DINSK	0
R_OHPBAT	6.243847419706572e-5
R_23PDE7pp	0
R_PGPP141pp	0
R_T3SS_E_RipG3_BioS	0
R_GTHOr	0
R_NO3tex	0
R_GCALDDr	2.497538967883238e-4
R_T3SS_E_RipAE_S	0
R_MGCH	0
R_LPLIPAL1E160pp	0
R_REC_DNAf_30kb	0
R_EX_hpa_e_	0
R_DCTPD2	0
R_FE3tex	0
R_BIOMASS	0.27999315783437534
R_CYSDS	0
R_HISt2rpp	0
R_T3SS_E_RipJ_S	0
R_PCT1	0
R_ALDD8	0
R_T6SS_E_RSp1139_S	0
R_ALDD9	0
R_EX_glc_e_	0
R_EX_pa120_e_	0
R_CDPMEK	8.562190766575678e-4
R_PPKr	-2.624478474351973
R_ACACT4r	0
R_ALLTN	0
R_ALR2	0
R_DM_BZ	0
R_T3SS_E_RipJ_BioS	0
R_MOTS	0
R_IGPS	0.0011871709892177515
R_CUtpp	6.959798674228105e-21
R_ALAALAabcpp	0.0022147458784699094
R_HPPPNtex	0
R_EX_T3SS_E_RipAE_e_	0
R_GNIDtex	-0.006450000000000001
R_MOTH	0
R_HKYNH	0
R_ABTAr	0
R_CRO4t3pp	0
R_ACACT3r	0
R_BHBtex	0
R_T3SS_E_RipV1_S	0
R_H2Stex	0
R_APPS3	0
R_TREtex	0
R_AHMMPS	6.24384741970657e-5
R_ASPASPtex	0
R_OCHSLACtpp	0
R_S7PI	0.002990326925671129
R_GLNGLUtex	0
R_EX_T3SS_E_RipS5_e_	0
R_ISC4fe4sd	0
R_HGNTOR	0
R_PA161abcpp	0
R_ID3ACALDtex	0
R_SBTtex	0
R_GMPS2	0.06897967435039244
R_PYAM5POr	0
R_HEPTHSLACtex	0
R_ACACT2r	0
R_HCINNMt2rpp	0
R_EX_hepthslac_e_	0
R_EX_gly_e_	0
R_EX_orn_e_	0
R_EX_T3SS_E_RipG7_e_	0
R_EX_PCW_RSp1545_e_	0
R_PROT_pe_RSp1073_S	0
R_EX_ch4s_e_	0
R_EX_T3SS_E_RipAP_e_	0
R_CLPNS161pp	5.879856314521882e-4
R_H2Otpp	-19.17082125447269
R_ONOO_p	0
R_TRPtex	0
R_PROT_Expansin_BioS	0
R_DB4PS	3.7463084518239427e-4
R_HKNDDH	0
R_MLDCP2App	0
R_BRt_2pp	0
R_GNK	0
R_DMAPP_AMPIT	0
R_EX_zn2_e_	0
R_PROT_RSp1444_BioS	0
R_ACACT1r	0
R_ONOO_e	0
R_PGPP181pp	0
R_ONOO_c	0
R_EX_3oocta_e_	0
R_HXAtex	0
R_HISDr	0
R_AHSERL3	0
R_EX_protein_RSc3188_e_	0
R_ASO3t8pp	0
R_HIStex	0
R_Zn2tpc	0
R_ALLPH	0
R_INSDH	0
R_FACOAL181t2pp	0
R_METOX4spept	0
R_T3SS_E_RipM_BioS	0
R_GALURt2rpp	0
R_RBFSb	1.873154225911971e-4
R_4H2HEPDALD	0
R_LPLIPAL1A140pp	0
R_USHD	0.0029903269256711293
R_T3SS_E_RipAR_S	0
R_RBFSa	3.7463084518239427e-4
R_HMBS	1.8731542259119713e-4
R_EX_lac_L_e_	0
R_Agtpc	0
R_MTAN	0.0018882738564350275
R_HG2tex	0
R_T3SS_E_RipX_BioS	0
R_ETHAAL	0
R_IDOND2	0
R_MINCYCtex	0
R_MALPYRI	0
R_EX_hslac_e_	0
R_OMPHHX	6.243847419706569e-5
R_INStex	0
R_GLCRt2rpp	0
R_T3SS_E_RipS6_BioS	0
R_COBALT2abcpp	0
R_ARBTNLexs	0
R_PHAS	0
R_AGM4Pt2pp	0
R_FRUptspp	0
R_NH4tpp	-4.581692937685727
R_CU2_bd_CopA	0
R_H2O_p	0
R_PROT_cp_RSp1466_S	0
R_3HCINNMH	0
R_SERAT	0.018518447260392763
R_EX_sbt_D_e_	0
R_PPND	0.0345900343144712
R_GK2	0
R_GK1	0.06904211282458951
R_LEUabcpp	0
R_EX_pc120_e_	0
R_ISOQOXR	0
R_EX_12dgr140_e_	0
R_TDP	0
R_SULFR	0
R_ABUTt2pp	0
R_DDGLK	0
R_G3PStex	0
R_GALCTD	0
R_CAT	0
R_ADCS	1.873154225912581e-4
R_ALDD3	0
R_ALDD1	0
R_ALDD6	0
R_ALDD7	0
R_ALDD4	0
R_ALDD5	0
R_MTRtex	-0.0018882738564350277
R_H2O_c	0
R_H2O_e	0
R_GALU	0.008727918225507659
R_PE181abcpp	0
R_PROT_RSc0337_BioS	0
R_T3SS_E_RipAA_S	0
R_PPOR	0
R_ASPGLNtex	0
R_LPLIPAL1G141pp	0
R_EX_fecrm_un_e_	0
R_EX_pa140_e_	0
R_EX_for_e_	0
R_PROT_RSp1180_ACT	0
R_PROT_RSp1467_BioS	0
R_T3SS_E_RipN_S	0
R_EX_chol_e_	0
R_FECRMR4	0
R_EX_asn_L_e_	0
R_IPDDI	-7.159425045825415e-4
R_PROT_pe_RSp1536_S	0
R_ALDD13	0
R_ALDD14	0
R_OAADC	0
R_ALHD4	0
R_ALDD11	0
R_OCHSLACtex	0
R_ALHD5	0
R_ALDD12	0
R_ALDD17	0
R_ALDD18	0
R_2AGPG181tipp	0
R_ALDD15	0
R_DALAt2pp	0.01631240137543071
R_ALDD16	0
R_MLDCP1Bpp	0
R_EX_mccdn_e_	0
R_ASPGLUtex	0
R_ALDD10	0
R_EX_rfamp_e_	0
R_OP4ENH	0
R_MESUCCCE	0
R_23DHB34DOX	0
R_PROT_RSp0030_BioS	0
R_LPLIPAL1A180pp	0
R_EX_12dgr160_e_	0
R_EX_dcahslac_e_	0
R_GMHEPK	0.002990326925671129
R_EX_tzea_e_	0
R_SULRi	0.0459267436722599
R_EX_trp_L_e_	0
R_DCTex	0
R_EX_fe3_e_	0
R_AP4AHr	0
R_MCCDNexs	0
R_SELMETAT	0
R_HHEP24DDH	0
R_TPI	-0.5095785701664194
R_EX_T3SS_E_RipAX2_e_	0
R_swimming	0
R_PNTOt4pp	0
R_LAAL60	0
R_G1SAT	0.001498523380729577
R_EX_pad_e_	0
R_CITtex	0
R_MTHFD_glu	0
R_LAAL61	0
R_SPRMS	0
R_PROT_cp_RSp0656_S	0
R_ADPRDP	0
R_LAAL59	0
R_PROT_RSp1620_BioS	0
R_LAAL58	0
R_EX_pc160_e_	0
R_PGM	1.5353617926736631
R_EX_o2_e_	-22.827811807968086
R_DKGLCNR1	0
R_PGL	0
R_PGK	1.1428966179668034
R_PGI	-0.17123538581828918
R_FMNAT	6.243847419706573e-5
R_DDPA	0.10252704012409163
R_GLYGLNabcpp	0
R_LAAL53	0
R_EX_mesucc_e_	0
R_LAAL52	0
R_LAAL51	0
R_LAAL50	0
R_EX_T6SS_E_RSc3222_e_	0
R_LAAL57	0
R_LAAL56	0
R_LAAL55	0
R_TAUDO	0
R_LAAL54	0
R_HXAND	0
R_LAAL49	0
R_LAAL48	0
R_HEPT5KO	0
R_LAAL47	0
R_I4FE4SR	7.363820051044072e-5
R_LPLIPAL1E120pp	0
R_I4FE4ST	7.363820051044072e-5
R_EX_T6SS_E_RSc1944_e_	0
R_ARBTNLabcpp	0
R_ALDD2xr	0
R_T6SS_E_RSp0103_S	0
R_PTRCtex	-0.28
R_METALAtex	0
R_GLUSy	0
R_T3SS_E_RipG6_S	0
R_GLYC2Ptex	0
R_GLNabcpp	0
R_MEOHtrpp	-5.599863156687507e-7
R_PROT_RSp1545_BioS	0
R_LPSS2_KO_RS	0
R_G3PEabcpp	0
R_KYN	0
R_LAAL46	0
R_PROT_cp_RSp0630_S	0
R_LAAL45	0
R_EAR60x	0.05459270958878956
R_LAAL44	0
R_LAAL43	0
R_LAAL38	0
R_EX_hg2_e_	0
R_T3SS_E_RipO1_S	0
R_ACACT8r	0
R_EX_PCW_RSp0295_act_e_	0
R_GLYCAt2rpp	0
R_TKT2	-0.15326027623706953
R_TKT1	-0.04774290918730679
R_PHETA1	-0.28617021389892516
R_T3SS_E_RipS3_BioS	0
R_PROT_pe_RSp1545_S	0
R_HDCAtex	0
R_EX_ade_e_	0
R_EX_pc140_e_	0
R_VALTA	-0.11695351150436237
R_G3PSabcpp	0
R_T3SS_E_RipAN_S	0
R_BUTtex	0
R_HOPNTAL	0
R_LAAL35	0
R_PPCDC	1.6127605891245233e-4
R_NI2abcpp	0
R_T3SS_E_RipAI_BioS	0
R_NI2t3pp	0
R_ACYP	0
R_IND3ACtex	0
R_EX_T3SS_E_RipI_e_	0
R_H2O2tpp	-6.243847419706572e-5
R_ACACT7r	0
R_PDH	6.445608196381806
R_TYRTA	-0.0345900343144712
R_EX_T3SS_E_RipS1_e_	0
R_HPPPNt2rpp	0
R_Naldxtex	0
R_CAT23DOX	0
R_UM4PCP	0
R_Zn2tex	0
R_LAAL23	0
R_EX_citr_L_e_	0
R_PROT_pe_PlcN_S	0
R_GGPTRCO	0
R_GADH	0
R_EX_2dhglcn_e_	0
R_EX_gln_L_gly_e_	0
R_ACACT6r	0
R_EX_Cafe_e_	0
R_L_LACt2rpp	0
R_EX_r3rhbb_e_	0
R_UAGAAT	0.005980653851342259
R_ACACT5r	0
R_ASPVALtex	0
R_EX_cana_e_	0
R_EX_protein_CbhA_e_	0
R_TYRODC	0
R_CUtex	0
R_UDPXYLS	0.001196130770268452
R_LPSS1_KO_RS	0
